1-Calming,2-Sports,3-Mysterious,4-Nostalgia,5-Happy
Big Sky,Shiatsu,Vague,All That You Will Be,Shadows in Vienna
 Maybe Another Day, Kermode, Cloak, Fractured Memories, Magic Forest
 The Human Derivative, Run Till Dawn, Lethal Secrets, When It Rains It Pours, Mistaken by Accident
 The Crossing, Whatever Man, Remote, Near Her, New Orleans Diner
 A Presence Felt, Body Work, The Mole, Days, Life in Tinseltown
 No Good Byes, Space Palace, The Unveiling, Mornings, Harlem Rollout
 Awash, Black Coffee, Ginger Root, Always the Same, Summertime Memory
 A Whisper In The Dark, Unleash My Halo, Fiona, Through These Doors, Countryside Living
 Whisper of the Pines, Way Way Back, Dust Blaster, Heading Home Again, On the Rooftop
 Traces, The Sooner The Better, Fighter Jet, A Lighthouse In Space, The Upper Hand
 Onthou, No Sugar Coated Love, Ticking Clock, Rain on me,The Joyous and the Sad
 Happy Days Are Long Awaited, Kraken, Stasis,Here to Stay,No Tears for Me Please
, Take Cover,,Nights,Red and Gold
,,,Rivers,Barefoot
,,,The world in Our Arms,
,,,Coming Home Again,
,,,Willder,